"age","fish","srv1"
4,0.000374383,0.0629299
5,0.0012939,0.114195
6,0.00446178,0.198381
7,0.015267,0.322064
8,0.0509017,0.476978
9,0.156493,0.636451
10,0.390908,0.770678
11,0.689453,0.865797
12,0.884793,0.925287
13,0.963725,0.959636
14,0.989236,0.97856
15,0.996864,0.988717
16,0.999092,0.994091
17,0.999737,0.996914
18,0.999924,0.998391
19,0.999978,0.999163
20,0.999994,0.999565
21,0.999998,0.999774
22,0.999999,0.999884
23,1,0.99994
24,1,0.99997
25,1,0.999986
26,1,0.999994
27,1,0.999998
28,1,1
