"age","fish","srv1"
4,0.000594255,0.034142
5,0.00192812,0.0660348
6,0.0062373,0.123898
7,0.0199843,0.220493
8,0.062135,0.361338
9,0.177122,0.530878
10,0.411531,0.693579
11,0.694382,0.819082
12,0.880694,0.900552
13,0.959973,0.947679
14,0.987329,0.97314
15,0.996065,0.986389
16,0.998786,0.993149
17,0.999626,0.996564
18,0.999885,0.99828
19,0.999965,0.99914
20,0.999989,0.999571
21,0.999997,0.999786
22,0.999999,0.999894
23,1,0.999948
24,1,0.999975
25,1,0.999988
26,1,0.999995
27,1,0.999998
28,1,1
