"age","fish","srv1"
4,0.000622191,0.0356718
5,0.0020047,0.0681814
6,0.00643936,0.126434
7,0.0204827,0.222569
8,0.0632044,0.361547
9,0.17877,0.528332
10,0.412578,0.689023
11,0.693827,0.81422
12,0.879686,0.896579
13,0.959334,0.944899
14,0.987032,0.971364
15,0.995945,0.985316
16,0.99874,0.992523
17,0.999609,0.996207
18,0.999879,0.99808
19,0.999962,0.999029
20,0.999988,0.99951
21,0.999996,0.999753
22,0.999999,0.999876
23,1,0.999939
24,1,0.99997
25,1,0.999986
26,1,0.999994
27,1,0.999998
28,1,1
