year,catch,proj_catch,ratio,yld
2023,3441.8438,3580.412497216785,1.0402600191260234,0.5409283877472921
