year,catch,proj_catch,ratio,yld
2023,3353.1012,3954.9712617637456,1.1794965394315404,0.5408636880699529
