"yld","catch_rat"
0.66836141800373,1.0329338440329
