"age","fish","srv1"
4,0.000629553,0.0359936
5,0.00202377,0.0687627
6,0.00648558,0.127422
7,0.0205815,0.22408
8,0.0633602,0.363515
9,0.17882,0.530404
10,0.412108,0.690759
11,0.692928,0.815414
12,0.878995,0.897292
13,0.958989,0.945288
14,0.98689,0.971567
15,0.99589,0.985419
16,0.99872,0.992574
17,0.999602,0.996232
18,0.999876,0.998092
19,0.999962,0.999036
20,0.999988,0.999513
21,0.999996,0.999755
22,0.999999,0.999877
23,1,0.999939
24,1,0.99997
25,1,0.999986
26,1,0.999994
27,1,0.999998
28,1,1
