"age","fish","srv1"
4,0.000624201,0.0352087
5,0.00199709,0.064748
6,0.00637029,0.116088
7,0.0201268,0.199455
8,0.061744,0.320953
9,0.174124,0.472755
10,0.403156,0.629768
11,0.683956,0.763422
12,0.873952,0.859586
13,0.956922,0.920722
14,0.986144,0.956585
15,0.995633,0.976637
16,0.998633,0.98755
17,0.999573,0.993401
18,0.999867,0.996513
19,0.999958,0.998162
20,0.999987,0.999033
21,0.999996,0.999493
22,0.999999,0.999735
23,1,0.999863
24,1,0.999931
25,1,0.999966
26,1,0.999985
27,1,0.999995
28,1,1
