"age","fish","srv1"
4,0.000581059,0.03362
5,0.00191092,0.0662473
6,0.00626532,0.126397
7,0.0203399,0.227834
8,0.0639956,0.375671
9,0.183774,0.550986
10,0.425761,0.714487
11,0.709437,0.836156
12,0.889384,0.912338
13,0.963606,0.955004
14,0.988661,0.977419
15,0.996529,0.988799
16,0.998944,0.994476
17,0.999679,0.997284
18,0.999902,0.998667
19,0.99997,0.999346
20,0.999991,0.99968
21,0.999997,0.999844
22,0.999999,0.999924
23,1,0.999963
24,1,0.999983
25,1,0.999992
26,1,0.999997
27,1,0.999999
28,1,1
