"age","fish","srv1"
4,0.000408247,0.0621218
5,0.00138133,0.110373
6,0.00466298,0.188565
7,0.015619,0.30327
8,0.0509981,0.449129
9,0.15398,0.604295
10,0.381351,0.740963
11,0.676138,0.842716
12,0.876098,0.909387
13,0.959917,0.949492
14,0.987821,0.972387
15,0.996373,0.985067
16,0.998926,0.991974
17,0.999683,0.995701
18,0.999906,0.997702
19,0.999972,0.998774
20,0.999992,0.999347
21,0.999998,0.999653
22,0.999999,0.999817
23,1,0.999904
24,1,0.999951
25,1,0.999976
26,1,0.999989
27,1,0.999996
28,1,1
