"age","fish","srv1"
4,0.000459638,0.0556531
5,0.001542,0.0988489
6,0.00515995,0.169552
7,0.017121,0.275373
8,0.0552683,0.414291
9,0.164211,0.568326
10,0.397535,0.71019
11,0.689061,0.820184
12,0.881552,0.894626
13,0.961531,0.940487
14,0.988228,0.967123
15,0.996465,0.982066
16,0.998945,0.990287
17,0.999686,0.994761
18,0.999906,0.997181
19,0.999972,0.998486
20,0.999992,0.999189
21,0.999998,0.999567
22,0.999999,0.99977
23,1,0.999879
24,1,0.999938
25,1,0.999969
26,1,0.999986
27,1,0.999995
28,1,1
