yld,catch_rat,proj_catch
0.7082130189089417,1.0001870206788979,2197.912578241111
