"Linf","k","t0","a","b"
48.4676,0.179488,0.366099,0.16266,2.0106
