"Linf","k","t0","a","b"
48.2598,0.184288,0.401404,0.019837,2.2724
