year,catch,proj_catch,ratio,yld
2024,2176.1504,2198.877128885728,1.0104435469560045,0.4885006423117957
