"age","fish","srv1"
4,0.00063608,0.0374942
5,0.00206304,0.0671524
6,0.00666984,0.117409
7,0.0213437,0.197321
8,0.0661504,0.312373
9,0.187043,0.456369
10,0.427685,0.608048
11,0.708217,0.74139
12,0.887433,0.841216
13,0.962414,0.907327
14,0.988119,0.947628
15,0.996312,0.970966
16,0.998862,0.984081
17,0.999649,0.991327
18,0.999892,0.995292
19,0.999967,0.997452
20,0.99999,0.998624
21,0.999997,0.99926
22,0.999999,0.999604
23,1,0.99979
24,1,0.999891
25,1,0.999946
26,1,0.999975
27,1,0.999991
28,1,1
