"age","fish","srv1"
4,0.000535209,0.0351885
5,0.00175998,0.0646274
6,0.00577135,0.115741
7,0.0187537,0.198692
8,0.0592004,0.319607
9,0.171622,0.470865
10,0.405513,0.627672
11,0.691914,0.761543
12,0.880872,0.858159
13,0.960545,0.919755
14,0.987678,0.955976
15,0.996225,0.97627
16,0.99885,0.987335
17,0.999651,0.993277
18,0.999894,0.996443
19,0.999968,0.998122
20,0.99999,0.999011
21,0.999997,0.99948
22,0.999999,0.999728
23,1,0.999859
24,1,0.999929
25,1,0.999965
26,1,0.999984
27,1,0.999995
28,1,1
