"biom_var","rho"
"spawn_biom",0.0470922477130081
"tot_biom",-0.051911148057468
