"age","fish","srv1"
4,0.000559244,0.0391641
5,0.0018319,0.0718874
6,0.00598338,0.128302
7,0.0193605,0.218562
8,0.0608154,0.34704
9,0.175177,0.50248
10,0.410579,0.657442
11,0.695557,0.784809
12,0.882262,0.873904
13,0.960903,0.929429
14,0.987747,0.96158
15,0.996232,0.979409
16,0.998848,0.98906
17,0.999649,0.994215
18,0.999893,0.99695
19,0.999967,0.998395
20,0.99999,0.999157
21,0.999997,0.999559
22,0.999999,0.99977
23,1,0.999881
24,1,0.99994
25,1,0.999971
26,1,0.999987
27,1,0.999996
28,1,1
