"age","fish","srv1"
4,0.000528754,0.0531909
5,0.00174107,0.0934592
6,0.00571708,0.15909
7,0.0186037,0.257709
8,0.0588191,0.389168
9,0.170835,0.538994
10,0.404494,0.682091
11,0.691293,0.797463
12,0.880705,0.878429
13,0.960535,0.929876
14,0.987691,0.960531
15,0.996234,0.978103
16,0.998855,0.987951
17,0.999652,0.993402
18,0.999895,0.996397
19,0.999968,0.998037
20,0.99999,0.998933
21,0.999997,0.999422
22,0.999999,0.999689
23,1,0.999834
24,1,0.999913
25,1,0.999957
26,1,0.99998
27,1,0.999993
28,1,1
