"age","fish","srv1"
4,0.000529296,0.0346558
5,0.00176062,0.0666972
6,0.00583967,0.124541
7,0.0191875,0.220688
8,0.0611678,0.360497
9,0.1783,0.52878
10,0.419505,0.690766
11,0.70647,0.816402
12,0.889083,0.898496
13,0.963894,0.946297
14,0.988878,0.972282
15,0.996634,0.985882
16,0.998987,0.992859
17,0.999696,0.996401
18,0.999909,0.99819
19,0.999973,0.999091
20,0.999992,0.999544
21,0.999998,0.999772
22,0.999999,0.999886
23,1,0.999944
24,1,0.999973
25,1,0.999987
26,1,0.999994
27,1,0.999998
28,1,1
