"","Linf","k","t0","a","b"
"1",55.004,0.124602,-0.0721288,2.5533,-0.68613
