yld,catch_rat,proj_catch
0.6047209380970975,1.0508048215732277,2556.409633856868
